drop table if exists STUDENT;
CREATE TABLE STUDENT (
 STU_ID INTEGER PRIMARY KEY,
 STU_FNAME VARCHAR(20) NOT NULL,
 STU_LNAME VARCHAR(20) NOT NULL,
 STU_ADDRESS VARCHAR(50) NOT NULL,
 STU_PHONE VARCHAR(13) NOT NULL,
 STU_EMAIL VARCHAR(50) NOT NULL
);

drop table if exists AID;
CREATE TABLE AID (
 AID_ID INTEGER(20) PRIMARY KEY NOT NULL,
 AID_NAME VARCHAR(20) NOT NULL,
 AID_DONORNAME VARCHAR(20) NOT NULL,
 AID_AMNT DECIMAL (10,2) NOT NULL,
 AID_TERM VARCHAR(20) NOT NULL,
 STU_ID INTEGER NOT NULL,
 FOREIGN KEY(STU_ID) REFERENCES STUDENT(STU_ID)
);

drop table if exists CHARGE;
CREATE TABLE CHARGE (
CHRG_ID INTEGER(20) PRIMARY KEY NOT NULL,
CHRG_NAME VARCHAR(20) NOT NULL,
CHRG_AMNT DECIMAL(20,2) NOT NULL,
STU_ID INTEGER NOT NULL,
FOREIGN KEY(STU_ID) REFERENCES STUDENT(STU_ID)
);

drop table if exists ADMIN;
CREATE TABLE ADMIN (
ADMIN_ID INTEGER(20) PRIMARY KEY NOT NULL,
ADMIN_NAME VARCHAR(50) NOT NULL,
ADMIN_DEPT VARCHAR(50) NOT NULL,
CHRG_ID INTEGER(20),
FOREIGN KEY(CHRG_ID) REFERENCES CHARGE(CHRG_ID)
);

drop table if exists PAYMENT;
CREATE TABLE PAYMENT(
PMT_ID INTEGER(20) PRIMARY KEY NOT NULL,
PMT_AMNT INTEGER(20,2) NOT NULL,
PMT_STATUS VARCHAR(20) NOT NULL,
PMT_METHOD VARCHAR(20) NOT NULL,
PMT_DURATION INTEGER NOT NULL,
ADMIN_ID INTEGER(20) NOT NULL,
STU_ID INTEGER NOT NULL,
FOREIGN KEY (ADMIN_ID) REFERENCES ADMIN(ADMIN_ID),
FOREIGN KEY (STU_ID) REFERENCES STUDENT(STU_ID)
);

drop table if exists HOLD;
CREATE TABLE HOLD(
HOLD_ID INTEGER(20) PRIMARY KEY NOT NULL,
HOLD_NAME VARCHAR(20) NOT NULL,
CHRG_ID INTEGER(20) NOT NULL,
HOLD_TYPE VARCHAR(20) NOT NULL,
PMT_ID INTEGER(20) NOT NULL,
FOREIGN KEY (CHRG_ID) REFERENCES CHARGE(CHRG_ID),
FOREIGN KEY (PMT_ID) REFERENCES PAYMENT(PMT_ID)
);




INSERT INTO STUDENT(STU_ID, STU_FNAME, STU_LNAME, STU_ADDRESS, STU_PHONE, STU_EMAIL) VALUES (02789012, "Afeeni", "Phillips", "13769 THURSTON ST", "3472647357", "afeeniphillips@gmail.com");
INSERT INTO STUDENT(STU_ID, STU_FNAME, STU_LNAME, STU_ADDRESS, STU_PHONE, STU_EMAIL) VALUES (02833791, "Xosa", "Lewis", "122 Spelman Rd", "9176367807", "xosa.lewis@aol.com");
INSERT INTO STUDENT(STU_ID, STU_FNAME, STU_LNAME, STU_ADDRESS, STU_PHONE, STU_EMAIL) VALUES (02112279, "Dana", "Mclean", "18506 140th Ave", "7182876649", "cgg_dana@ymail.com");
INSERT INTO STUDENT(STU_ID, STU_FNAME, STU_LNAME, STU_ADDRESS, STU_PHONE, STU_EMAIL) VALUES (04627119, "Angel", "Carter", "2205 4th ST", "9174073955", "simpleunique199aol.com");
INSERT INTO STUDENT(STU_ID, STU_FNAME, STU_LNAME, STU_ADDRESS, STU_PHONE, STU_EMAIL) VALUES (05757017, "Pedro", "Phillips", "2206 Ozama Rd", "91782391267", "peddyphillips@yahoo.com");


INSERT INTO AID(AID_ID, AID_NAME, AID_DONORNAME, AID_AMNT, AID_TERM, STU_ID) VALUES (11111, "Legacy Scholarship", "Howard University", 16000.90, "Fall 2016", 02789012);
INSERT INTO AID(AID_ID, AID_NAME, AID_DONORNAME, AID_AMNT, AID_TERM, STU_ID) VALUES (12345, "CBCF Scholarship", "CBC Foundation", 2000.00, "Fall 2016", 02789012);
INSERT INTO AID(AID_ID, AID_NAME, AID_DONORNAME, AID_AMNT, AID_TERM, STU_ID) VALUES (21111, "Capstone Scholarship", "Howard University", 25000.00, "Spring 2016", 02833791);
INSERT INTO AID(AID_ID, AID_NAME, AID_DONORNAME, AID_AMNT, AID_TERM, STU_ID) VALUES (31111, "HU GRANT", "Howard University", 4500.00, "Spring 2016", 02112279);
INSERT INTO AID(AID_ID, AID_NAME, AID_DONORNAME, AID_AMNT, AID_TERM, STU_ID) VALUES (41111, "CITY GRANT", "DISTRICT OF COLUMBIA", 10000.00, "Spring 2016", 04627119);
INSERT INTO AID(AID_ID, AID_NAME, AID_DONORNAME, AID_AMNT, AID_TERM, STU_ID) VALUES (51111, "HU GRANT", "Howard University", 4500.00, "Spring 2016", 04627119);


INSERT INTO CHARGE(CHRG_ID, CHRG_NAME, CHRG_AMNT, STU_ID) VALUES (123, 'TUITION', 17000.00, 02789012);
INSERT INTO CHARGE(CHRG_ID, CHRG_NAME, CHRG_AMNT, STU_ID) VALUES (223, 'TUITION', 17000.00, 02833791);
INSERT INTO CHARGE(CHRG_ID, CHRG_NAME, CHRG_AMNT, STU_ID) VALUES (323, 'TUITION', 17000.00, 02112279);
INSERT INTO CHARGE(CHRG_ID, CHRG_NAME, CHRG_AMNT, STU_ID) VALUES (423, 'TUITION', 17000.00, 04627119);
INSERT INTO CHARGE(CHRG_ID, CHRG_NAME, CHRG_AMNT, STU_ID) VALUES (523, 'TUITION', 17000.00, 05757017);



INSERT INTO ADMIN (ADMIN_ID, ADMIN_NAME, ADMIN_DEPT, CHRG_ID) VALUES (2222, "Dr. Allison Morgan", "Student Accounts", NULL);
INSERT INTO ADMIN (ADMIN_ID, ADMIN_NAME, ADMIN_DEPT, CHRG_ID) VALUES (3333, "Mr. Charles Barkely", "Student Accounts", 223 AND 323);
INSERT INTO ADMIN (ADMIN_ID, ADMIN_NAME, ADMIN_DEPT, CHRG_ID) VALUES (4444, "Dr. O Phillips", "Student Accounts", 323 AND 423);
INSERT INTO ADMIN (ADMIN_ID, ADMIN_NAME, ADMIN_DEPT, CHRG_ID) VALUES (5555, "Dr. Carlos Buskey", "Student Accounts", 523);


INSERT INTO PAYMENT(PMT_ID, PMT_AMNT, PMT_STATUS, PMT_METHOD, PMT_DURATION, ADMIN_ID, STU_ID) VALUES (9999, 200.00, "Cleared", "Credit Card", 1, 2222, 02789012);
INSERT INTO PAYMENT(PMT_ID, PMT_AMNT, PMT_STATUS, PMT_METHOD, PMT_DURATION, ADMIN_ID, STU_ID) VALUES (8888, 150.00, "Pending", "Debit Card", 2, 4444, 04627119);


ALTER TABLE AID
ADD AID_TERM VARCHAR(20);



